id,year,date,survey_area,v1_sex,v2_gen,v3_residence,v3_residence_hokkaido,v3_residence_not_hokkaido,v4_fishing_experience_years,v5_fishing_days_this_season,v7_no_spot_reservation,v7_no_littering,v7_no_entry_restricted_area,v7_no_fishing_in_restricted_area,v7_no_dune_destruction,v7_no_tent,v8_max_rods_three,v8_max_catch_three,v8_discourage_illegal_parking,v8_discourage_bonfire,v8_discourage_release,v8_discourage_camping,v8_discourage_miniboat_use,v8_use_designated_toilets,v8_dont_know,v9_info_friends_word_of_mouth,v9_info_tv_newspaper,v9_info_fishing_magazine,v9_info_abashiri_city,v9_info_web_blog,v9_info_personal_sns,v10_formulation_procedure,v11_improve_transparency_process,v11_reflect_fishers_opinions,v11_improve_opportunity_for_input,v11_no_need_for_rule_making,v12_fisher_burden,v14_license_system,v14_license_system2,v19_angling_perspective,v20_max_rods_three_social_perspective,v20_max_catch_three_social_perspective,v20_no_spot_reservation_social_perspective,v20_no_tent_social_perspective,v20_discourage_illegal_parking_social_perspective,v20_use_designated_toilets_social_perspective,v20_max_rods_three_liberty_perspective,v20_max_catch_three_liberty_perspective,v20_no_spot_reservation_liberty_perspective,v20_no_tent_liberty_perspective,v20_discourage_illegal_parking_liberty_perspective,v20_use_designated_toilets_libertyl_perspective,free_text_response
2,2024,10月17日,北浜,男性,80代以上,網走市内,,,20年以上,10日以上30日未満,1,1,1,1,1,1,1,1,1,1,1,1,1,1,0,0,0,0,1,0,0,知っていて、納得している,0,0,0,0,知っている,どちらかといえば反対,反対,-2,10,10,10,10,10,10,10,10,1,1,10,10,みんなが声をかけあいゴミを捨てる(捨てるべき場所に)
3,2024,10月17日,北浜,男性,60代,道内,恵庭,,20年以上,5日未満,1,1,1,1,0,1,1,1,1,1,1,1,1,1,0,0,0,1,0,0,0,知っていて、納得している,0,0,0,0,知っている,どちらかといえば賛成,わからない,2,6,5,10,10,10,10,5,6,10,10,10,10,罰金制度が必要だと思う
4,2024,10月17日,北浜,女性,40代,網走市内,,,5年未満,10日以上30日未満,1,1,1,1,1,1,1,1,1,1,1,1,1,1,0,0,0,0,1,0,0,知っていて、納得している,0,0,0,0,知っている,賛成,賛成,2,5,1,10,7,10,3,1,6,1,3,1,3,"トイレテントはokにしてほしい。
魚は3本じゃなく5本までがうれしい"
5,2024,10月17日,北浜,男性,70代,網走市内,,,20年以上,30日以上50日未満,1,1,1,1,1,1,1,1,1,1,1,1,1,1,0,0,0,0,1,0,0,知っているが、納得していない,0,0,0,0,知っている,賛成,反対,-4,1,10,10,10,10,10,1,1,1,10,1,1,トイレ(女性)ができるような場所を求める
6,2024,10月17日,北浜,男性,80代以上,道内,旭川,,20年以上,5日以上10日未満,1,1,1,1,1,1,1,1,1,1,1,1,1,1,0,0,0,0,1,0,0,知っていて、納得している,0,0,0,0,知らない,反対,反対,4,10,4,10,10,10,10,10,10,10,10,10,10,トイレ設置して欲しい
9,2024,10月17日,北浜,男性,80代以上,道内,北見,,20年以上,30日以上50日未満,1,1,1,1,1,1,1,1,1,1,1,1,1,1,0,1,0,0,0,0,0,知っているが、納得していない,1,1,1,1,少し知っている,どちらかといえば反対,わからない,-4,1,1,1,1,1,1,1,1,1,1,1,1,
10,2024,10月17日,北浜,男性,60代,道内,芦別,,5年以上10年未満,5日以上10日未満,1,1,1,1,0,1,1,1,1,1,0,1,1,1,0,1,0,0,0,0,0,知っているが、納得していない,1,1,0,0,知っている,反対,反対,-1,5,5,10,10,10,10,10,10,10,10,10,10,
11,2024,10月17日,北浜,男性,70代,道内,苫小牧,,20年以上,5日未満,1,1,0,0,0,0,1,0,0,1,0,0,0,0,1,0,0,0,0,0,0,知っているが、納得していない,0,1,0,0,少し知っている,反対,反対,-3,2,10,9,7,7,5,9,10,3,10,9,5,
12,2024,10月18日,鱒浦,男性,70代,網走市内,,,20年以上,10日以上30日未満,1,1,1,1,1,1,1,1,1,0,1,0,0,0,0,1,1,0,0,0,0,知っていて、納得している,0,0,0,0,知っている,反対,NA,NA,8,7,10,10,8,10,1,7,1,1,1,1,
13,2024,10月18日,鱒浦,男性,70代,道内,北見,,20年以上,5日未満,0,1,0,0,0,0,0,0,0,0,0,0,0,0,0,0,1,0,0,0,0,知らないが、納得している,0,0,0,0,NA,賛成,NA,NA,5,5,10,5,4,5,10,10,10,10,7,,
14,2024,10月18日,鱒浦,男性,70代,道内,旭川,,5年以上10年未満,5日以上10日未満,1,1,0,0,0,1,1,1,1,1,1,0,1,1,0,0,0,0,0,0,0,知らないが、納得している,0,0,0,0,少し知っている,賛成,わからない,2,10,10,10,10,10,10,1,1,1,1,1,1,トイレをむう少し整備し、数を増やして欲しい。
15,2024,10月18日,鱒浦,男性,50代,道内,江別,,20年以上,5日未満,1,1,1,1,0,1,1,1,1,1,1,1,1,1,0,0,0,0,1,0,0,知っていて、納得している,0,0,0,0,知っている,賛成,賛成,3,7,1,10,10,10,10,5,3,3,3,1,1,"地方から釣りに来た人としては、釣れない時もあるので、3匹までというのはつらい。
釣れる時にたくさん釣りたい。長く網走に滞在できるわけでもないので(滞在費もかかる)
今後も網走に鮭釣りで訪れたいと思っておりますので、地方からの釣り人への心遣いをもとめる。"
16,2024,10月18日,鱒浦,男性,70代,道内,大空,,20年以上,5日未満,1,1,1,1,1,1,1,1,1,1,1,1,1,1,0,0,1,0,0,0,0,知っていて、納得している,0,0,0,0,知っている,賛成,賛成,3,5,5,10,10,10,10,3,3,1,1,1,1,
17,2024,10月17日,モヨロ,男性,40代,道内,札幌,,10年以上20年未満,5日未満,1,1,1,1,0,1,1,1,1,1,0,1,1,1,0,1,1,0,0,1,0,NA,0,0,0,0,少し知っている,どちらかといえば賛成,ライセンスの数は釣り場周辺の駐車スペースの広さを基準とするに丸がついている,0,10,5,10,10,10,10,1,5,1,1,1,1,
18,2024,10月17日,モヨロ,男性,70代,道内,津別,,5年以上10年未満,10日以上30日未満,1,1,1,1,1,1,1,1,1,1,1,1,1,1,0,0,1,0,0,0,0,知っていて、納得している,0,0,0,0,あまり知らない,どちらかといえば反対,ライセンスの数は釣り場周辺の駐車スペースの広さを基準とするにまる。,4,5,1,10,10,10,3,5,8,10,10,10,5,
19,2024,10月17日,モヨロ,男性,70代,道内,石狩,,20年以上,5日以上10日未満,1,1,1,1,1,1,1,1,1,1,1,1,1,1,0,0,1,0,1,1,0,知っていて、納得している,0,0,0,0,少し知っている,どちらかといえば賛成,ライセンスの数には限りがある。申込者が超過した場合は抽選を行うにまる。,4,10,6,10,10,,10,1,6,1,1,1,1,
20,2024,10月17日,モヨロ,男性,70代,道内,札幌,,5年未満,5日未満,1,0,0,0,0,0,1,0,0,0,0,0,0,0,0,0,0,0,1,0,0,知っていて、納得している,0,0,0,0,知っている,どちらかといえば賛成,賛成,3,3,3,10,10,5,10,10,10,10,10,5,10,
21,2024,10月17日,モヨロ,男性,50代,道内,NA,,20年以上,5日未満,1,1,0,1,0,1,1,1,0,0,0,1,0,0,0,1,1,0,0,0,0,知っていて、納得している,0,0,0,0,知っている,わからない,反対,-4,10,1,10,10,10,10,1,10,1,1,1,1,
22,2024,10月17日,モヨロ,男性,50代,道内,江別,,20年以上,5日未満,1,1,1,1,1,1,1,1,1,1,1,1,1,1,0,0,0,0,1,0,1,知っていて、納得している,0,0,0,0,あまり知らない,どちらかといえば反対,反対,1,5,4,7,8,8,3,3,3,3,2,1,1,
23,2024,10月17日,モヨロ,男性,30代,道内,札幌,,20年以上,5日以上10日未満,1,1,0,0,1,1,1,1,1,1,1,1,1,1,0,1,0,0,0,0,0,知っていて、納得している,0,0,0,0,あまり知らない,賛成,賛成,-4,1,1,5,1,5,10,3,5,5,5,5,5,
24,2024,10月17日,モヨロ,女性,50代,道内,北見,,10年以上20年未満,5日以上10日未満,1,1,1,1,1,1,1,1,1,1,1,1,1,1,0,0,1,0,1,0,0,知っていて、納得している,0,0,0,0,知っている,どちらかといえば賛成,どちらかといえば賛成,2,8,8,8,10,10,10,10,8,8,10,10,10,
25,2024,10月17日,モヨロ,女性,40代,道内,足寄,,5年未満,5日未満,1,1,1,1,1,1,0,1,1,0,0,0,0,0,0,1,0,0,0,0,0,知っていて、納得している,0,0,0,0,あまり知らない,どちらかといえば反対,どちらかといえば反対,3,4,8,5,5,3,8,3,7,5,5,8,7,
26,2024,10月17日,モヨロ,男性,70代,道内,旭川,,10年以上20年未満,5日未満,1,1,1,1,1,1,1,1,1,1,1,1,1,1,0,0,0,1,1,1,0,知らないが、納得している,0,0,0,0,知っている,どちらかといえば反対,どちらかといえば反対,3,6,4,9,9,8,9,3,5,9,9,7,9,
27,2024,10月17日,モヨロ,男性,20代,道内,NA,,5年以上10年未満,5日未満,1,1,1,1,1,1,1,1,1,1,1,1,1,1,0,0,1,1,0,0,1,知っていて、納得している,0,0,0,0,知っている,賛成,賛成,4,10,4,10,10,9,10,10,10,1,1,10,1,
28,2024,10月17日,モヨロ,女性,20代,道内,旭川,,5年未満,5日以上10日未満,0,1,0,1,0,0,1,1,0,0,0,0,0,1,0,1,0,0,0,0,0,知っていて、納得している,0,0,0,0,知っている,賛成,賛成,4,10,5,10,10,10,10,10,10,1,1,1,1,
29,2024,10月17日,モヨロ,男性,50代,道内,札幌,,5年未満,5日未満,1,1,1,0,0,0,1,0,0,0,0,0,0,0,0,1,0,0,0,0,0,知っていて、納得している,0,0,0,0,知っている,賛成,ライセンスの数は釣り場周辺の駐車スペースの広さを基準とするにまる。,0,10,5,10,10,10,10,10,8,10,10,10,10,
30,2024,10月17日,モヨロ,男性,50代,道内,富良野,,10年以上20年未満,5日未満,0,0,1,0,0,0,0,0,0,1,1,1,0,1,0,0,1,0,0,0,1,知らないが、納得している,0,0,0,0,あまり知らない,賛成,賛成,-4,5,5,3,3,1,1,5,4,1,1,1,1,駐車場の制限
31,2024,10月17日,モヨロ,男性,50代,道内,旭川,,10年以上20年未満,5日未満,1,1,1,1,1,1,1,1,1,1,1,1,1,1,0,1,0,0,1,0,1,知っていて、納得している,0,0,0,0,少し知っている,賛成,賛成,4,10,10,10,10,10,6,1,6,1,1,1,7,ライセンス制の導入
32,2024,10月17日,モヨロ,男性,30代,網走市内,,,5年未満,5日以上10日未満,1,1,1,1,0,1,1,1,1,0,1,0,0,0,0,0,0,0,1,1,0,知らないが、納得している,0,0,0,0,知っている,反対,反対,1,6,3,6,8,8,5,1,9,9,2,2,5,"つり家を。。。（はっきり読めない）
制御するためマナーをつくる（はっきり読めない）
QRにしたほうが後で回答してくれる"
33,2024,10月17日,モヨロ,男性,60代,道内,釧路,,20年以上,5日未満,1,0,0,1,1,0,1,1,0,0,0,0,0,0,0,0,0,0,0,0,0,知っていて、納得している,0,0,0,0,知っている,どちらかといえば反対,反対,2,8,8,8,10,10,6,1,1,1,1,1,5,トイレがあねえよ
34,2024,10月17日,モヨロ,男性,70代,道内,新得,,5年以上10年未満,5日未満,1,1,1,1,1,1,1,1,0,0,0,0,0,0,0,0,1,1,0,0,0,知っていて、納得している,0,0,0,0,知っている,どちらかといえば賛成,賛成,0,1,4,10,10,10,10,1,9,1,1,1,1,マナーをみんな守ってほしい
35,2024,10月17日,モヨロ,男性,30代,道内,旭川,,5年以上10年未満,5日未満,1,1,0,0,0,0,1,0,1,1,0,0,0,1,0,0,0,0,0,0,1,知らないし、納得していない,0,0,1,0,知っている,どちらかといえば反対,どちらかといえば賛成,0,10,1,10,10,10,10,6,10,10,10,1,1,三本までにしないでほしい。（釣る数）
36,2024,10月17日,モヨロ,男性,30代,網走市内,,,5年以上10年未満,10日以上30日未満,1,1,1,1,1,1,1,1,1,1,1,1,1,1,0,0,0,0,1,0,0,知っていて、納得している,0,0,0,0,少し知っている,反対,反対,-3,10,6,8,8,10,10,2,8,2,2,8,6,
37,2024,10月15日,北浜,無回答,80代以上,網走市内,,,NA,10日以上30日未満,1,1,1,1,1,1,1,1,0,1,1,1,0,1,0,0,1,0,0,0,0,知っていて、納得している,0,0,0,0,少し知っている,どちらかといえば賛成,どちらかといえば賛成,4,8,3,8,8,8,8,8,3,8,8,8,8,
38,2024,10月15日,北浜,男性,50代,道内,旭川,,10年以上20年未満,5日以上10日未満,1,1,1,1,1,1,1,1,1,1,1,1,1,1,0,0,1,0,1,1,0,知っていて、納得している,0,0,0,0,知っている,反対,反対,-4,10,1,10,5,10,10,1,10,1,1,1,1,
39,2024,10月15日,北浜,男性,20代,網走市内,,,10年以上20年未満,30日以上50日未満,1,1,1,1,1,1,1,1,1,1,1,1,1,1,0,0,1,0,1,0,0,知っているが、納得していない,0,1,0,1,知っている,わからない,どちらかといえば反対,2,5,5,10,10,10,10,5,5,10,10,10,10,
40,2024,10月15日,北浜,男性,70代,道内,北見市,,10年以上20年未満,5日以上10日未満,1,1,1,1,1,1,1,1,1,1,1,1,1,0,0,0,1,0,0,0,0,知っていて、納得している,0,0,0,0,知っている,反対,わからない,4,1,5,1,1,1,1,1,1,1,1,1,1,
41,2024,10月15日,北浜,男性,60代,網走市内,,,20年以上,50日以上,1,1,1,1,1,1,1,0,0,0,0,0,0,0,0,1,0,0,0,0,0,知っていて、納得している,0,0,0,0,少し知っている,どちらかといえば賛成,どちらかといえば賛成,0,10,5,3,10,10,10,1,5,1,5,1,1,
42,2024,10月15日,北浜,男性,80代以上,網走市内,,,20年以上,30日以上50日未満,1,0,0,0,0,0,1,1,0,0,0,0,0,0,0,0,1,0,0,0,0,知っていて、納得している,0,0,0,0,知っている,どちらかといえば反対,NA,-2,5,5,5,5,1,5,5,5,5,5,5,5,
43,2024,10月15日,北浜,男性,50代,道内,NA,,20年以上,5日未満,1,1,1,1,1,1,1,1,1,1,1,1,1,1,0,0,0,0,0,0,1,知らないが、納得している,0,0,0,0,あまり知らない,どちらかといえば賛成,どちらかといえば賛成,1,5,3,6,7,7,7,5,5,5,5,5,5,
44,2024,10月15日,北浜,男性,50代,道内,長沼町,,5年以上10年未満,5日未満,1,1,1,0,1,0,1,1,0,1,0,0,0,1,0,0,0,0,1,0,0,知っていて、納得している,0,0,0,0,あまり知らない,反対,どちらかといえば反対,-4,7,6,10,1,10,5,7,10,10,1,9,5,
45,2024,10月15日,北浜,男性,70代,網走市内,,,5年以上10年未満,30日以上50日未満,1,1,1,1,1,0,1,1,1,1,1,1,1,1,0,1,1,0,0,0,0,知っているが、納得していない,1,1,1,0,知っている,どちらかといえば賛成,賛成,-4,10,5,10,10,10,10,1,10,5,10,10,1,"・釣り人の意見を聞いてほしい
・マナーが悪い人が多い→ライセンス制
・場所とり禁止というルール→少しでも場所を離れるととられてしまうという状況によってしまっている"
46,2024,10月15日,北浜,男性,30代,道内,札幌市,,5年未満,5日未満,0,1,1,1,0,0,1,0,1,1,0,1,0,0,0,1,0,0,0,0,0,知らないが、納得している,0,0,0,0,あまり知らない,どちらかといえば賛成,どちらかといえば賛成,0,10,2,8,5,10,10,2,10,8,1,1,1,
47,2024,10月15日,北浜,男性,70代,道内,北見市,,20年以上,5日以上10日未満,1,1,1,1,1,1,1,1,1,1,1,1,1,1,0,0,1,0,0,0,0,知っていて、納得している,0,0,0,0,知っている,どちらかといえば賛成,どちらかといえば賛成,-4,8,6,10,10,10,10,3,7,3,1,2,3,
48,2024,10月15日,北浜,男性,40代,道内,札幌市,,10年以上20年未満,5日未満,1,1,1,1,1,1,1,1,1,1,1,1,1,1,0,0,0,0,1,0,0,知っているが、納得していない,0,0,1,0,少し知っている,どちらかといえば反対,どちらかといえば賛成,2,5,2,10,10,10,10,1,5,1,1,1,1,
49,2024,10月15日,北浜,男性,50代,道外,,大阪,5年以上10年未満,5日未満,1,1,1,1,1,1,1,1,1,1,0,0,0,0,0,0,1,0,0,0,0,NA,0,0,0,0,NA,NA,NA,NA,,,,,,,,,,,,,
50,2024,10月15日,北浜,男性,60代,道内,帯広市,,20年以上,5日未満,1,1,1,1,1,0,1,0,1,1,0,1,0,1,0,0,1,0,1,1,0,知っていて、納得している,0,0,0,0,知っている,反対,どちらかといえば反対,0,3,6,10,1,10,10,6,8,10,6,10,10,
51,2024,10月15日,北浜,男性,40代,道内,十勝,,20年以上,5日以上10日未満,1,1,1,1,1,0,1,1,1,1,0,0,1,0,0,1,0,0,1,1,0,知っていて、納得している,0,0,0,0,知っている,反対,NA,-2,7,4,9,10,10,5,2,4,10,10,10,6,
52,2024,10月15日,北浜,男性,70代,道内,上士幌,,20年以上,5日未満,1,1,0,1,1,0,1,1,1,1,1,0,1,1,0,0,1,0,0,0,0,知らないが、納得している,0,0,0,0,少し知っている,NA,わからない,NA,5,3,10,9,10,10,4,7,3,3,3,1,
53,2024,10月15日,北浜,女性,50代,道内,旭川,,5年未満,5日未満,1,1,1,1,1,1,1,1,1,1,1,1,1,1,0,0,0,0,1,1,1,知らないが、納得している,0,0,0,0,少し知っている,反対,反対,-3,5,6,3,3,5,1,5,6,2,1,4,1,
